0	HPS000Kn.PCX	HPL000Kn.PCX
1	HPS001Kn.PCX	HPL001Kn.PCX
2	HPS002Kn.PCX	HPL002Kn.PCX
3	HPS003Kn.PCX	HPL003Kn.PCX
4	HPS004Kn.PCX	HPL004Kn.PCX
5	HPS005Kn.PCX	HPL005Kn.PCX
6	HPS006Kn.PCX	HPL006Kn.PCX
7	HPS007Kn.PCX	HPL007Kn.PCX
8	HPS008Cl.PCX	HPL008Cl.PCX
9	HPS009Cl.PCX	HPL009Cl.PCX
10	HPS010Cl.PCX	HPL010Cl.PCX
11	HPS011Cl.PCX	HPL011Cl.PCX
12	HPS012Cl.PCX	HPL012Cl.PCX
13	HPS013Cl.PCX	HPL013Cl.PCX
14	HPS014Cl.PCX	HPL014Cl.PCX
15	HPS015Cl.PCX	HPL015Cl.PCX
16	HPS016Rn.PCX	HPL016Rn.PCX
17	HPS017Rn.PCX	HPL017Rn.PCX
18	HPS018Rn.PCX	HPL018Rn.PCX
19	HPS019Rn.PCX	HPL019Rn.PCX
20	HPS020Rn.PCX	HPL020Rn.PCX
21	HPS021Rn.PCX	HPL021Rn.PCX
22	HPS022Rn.PCX	HPL022Rn.PCX
23	HPS023Rn.PCX	HPL023Rn.PCX
24	HPS024Dr.PCX	HPL024Dr.PCX
25	HPS025Dr.PCX	HPL025Dr.PCX
26	HPS026Dr.PCX	HPL026Dr.PCX
27	HPS027Dr.PCX	HPL027Dr.PCX
28	HPS028Dr.PCX	HPL028Dr.PCX
29	HPS029Dr.PCX	HPL029Dr.PCX
30	HPS030Dr.PCX	HPL030Dr.PCX
31	HPS031Dr.PCX	HPL031Dr.PCX
32	HPS032Al.PCX	HPL032Al.PCX
33	HPS033Al.PCX	HPL033Al.PCX
34	HPS034Al.PCX	HPL034Al.PCX
35	HPS035Al.PCX	HPL035Al.PCX
36	HPS036Al.PCX	HPL036Al.PCX
37	HPS037Al.PCX	HPL037Al.PCX
38	HPS038Al.PCX	HPL038Al.PCX
39	HPS039Al.PCX	HPL039Al.PCX
40	HPS040Wz.PCX	HPL040Wz.PCX
41	HPS041Wz.PCX	HPL041Wz.PCX
42	HPS042Wz.PCX	HPL042Wz.PCX
43	HPS043Wz.PCX	HPL043Wz.PCX
44	HPS044Wz.PCX	HPL044Wz.PCX
45	HPS045Wz.PCX	HPL045Wz.PCX
46	HPS046Wz.PCX	HPL046Wz.PCX
47	HPS047Wz.PCX	HPL047Wz.PCX
48	HPS048Hr.PCX	HPL048Hr.PCX
49	HPS049Hr.PCX	HPL049Hr.PCX
50	HPS050Hr.PCX	HPL050Hr.PCX
51	HPS051Hr.PCX	HPL051Hr.PCX
52	HPS052Hr.PCX	HPL052Hr.PCX
53	HPS053Hr.PCX	HPL053Hr.PCX
54	HPS054Hr.PCX	HPL054Hr.PCX
55	HPS055Hr.PCX	HPL055Hr.PCX
56	HPS056Dm.PCX	HPL056Dm.PCX
57	HPS057Dm.PCX	HPL057Dm.PCX
58	HPS058Dm.PCX	HPL058Dm.PCX
59	HPS059Dm.PCX	HPL059Dm.PCX
60	HPS060Dm.PCX	HPL060Dm.PCX
61	HPS061Dm.PCX	HPL061Dm.PCX
62	HPS062Dm.PCX	HPL062Dm.PCX
63	HPS063Dm.PCX	HPL063Dm.PCX
64	HPS064Dk.PCX	HPL064Dk.PCX
65	HPS065Dk.PCX	HPL065Dk.PCX
66	HPS066Dk.PCX	HPL066Dk.PCX
67	HPS067Dk.PCX	HPL067Dk.PCX
68	HPS068Dk.PCX	HPL068Dk.PCX
69	HPS069Dk.PCX	HPL069Dk.PCX
70	HPS070Dk.PCX	HPL070Dk.PCX
71	HPS071Dk.PCX	HPL071Dk.PCX
72	HPS072Nc.PCX	HPL072Nc.PCX
73	HPS073Nc.PCX	HPL073Nc.PCX
74	HPS074Nc.PCX	HPL074Nc.PCX
75	HPS075Nc.PCX	HPL075Nc.PCX
76	HPS076Nc.PCX	HPL076Nc.PCX
77	HPS077Nc.PCX	HPL077Nc.PCX
78	HPS078Nc.PCX	HPL078Nc.PCX
79	HPS079Nc.PCX	HPL079Nc.PCX
80	HPS080Ov.PCX	HPL080Ov.PCX
81	HPS081Ov.PCX	HPL081Ov.PCX
82	HPS082Ov.PCX	HPL082Ov.PCX
83	HPS083Ov.PCX	HPL083Ov.PCX
84	HPS084Ov.PCX	HPL084Ov.PCX
85	HPS085Ov.PCX	HPL085Ov.PCX
86	HPS086Ov.PCX	HPL086Ov.PCX
87	HPS087Ov.PCX	HPL087Ov.PCX
88	HPS088Wl.PCX	HPL088Wl.PCX
89	HPS089Wl.PCX	HPL089Wl.PCX
90	HPS090Wl.PCX	HPL090Wl.PCX
91	HPS091Wl.PCX	HPL091Wl.PCX
92	HPS092Wl.PCX	HPL092Wl.PCX
93	HPS093Wl.PCX	HPL093Wl.PCX
94	HPS094Wl.PCX	HPL094Wl.PCX
95	HPS095Wl.PCX	HPL095Wl.PCX
96	HPS096Br.PCX	HPL096Br.PCX
97	HPS097Br.PCX	HPL097Br.PCX
98	HPS098Br.PCX	HPL098Br.PCX
99	HPS099Br.PCX	HPL099Br.PCX
100	HPS100Br.PCX	HPL100Br.PCX
101	HPS101Br.PCX	HPL101Br.PCX
102	HPS102Br.PCX	HPL102Br.PCX
103	HPS103Br.PCX	HPL103Br.PCX
104	HPS104Bm.PCX	HPL104Bm.PCX
105	HPS105Bm.PCX	HPL105Bm.PCX
106	HPS106Bm.PCX	HPL106Bm.PCX
107	HPS107Bm.PCX	HPL107Bm.PCX
108	HPS108Bm.PCX	HPL108Bm.PCX
109	HPS109Bm.PCX	HPL109Bm.PCX
110	HPS110Bm.PCX	HPL110Bm.PCX
111	HPS111Bm.PCX	HPL111Bm.PCX
112	HPS112Bs.PCX	HPL112Bs.PCX
113	HPS113Bs.PCX	HPL113Bs.PCX
114	HPS114Bs.PCX	HPL114Bs.PCX
115	HPS115Bs.PCX	HPL115Bs.PCX
116	HPS116Bs.PCX	HPL116Bs.PCX
117	HPS117Bs.PCX	HPL117Bs.PCX
118	HPS118Bs.PCX	HPL118Bs.PCX
119	HPS119Bs.PCX	HPL119Bs.PCX
120	HPS120Wh.PCX	HPL120Wh.PCX
121	HPS121Wh.PCX	HPL121Wh.PCX
122	HPS122Wh.PCX	HPL122Wh.PCX
123	HPS123Wh.PCX	HPL123Wh.PCX
124	HPS124Wh.PCX	HPL124Wh.PCX
125	HPS125Wh.PCX	HPL125Wh.PCX
126	HPS126Wh.PCX	HPL126Wh.PCX
127	HPS127Wh.PCX	HPL127Wh.PCX
128	HPS000Pl.PCX	HPL000pl.PCX
129	HPS001pl.PCX	HPL001pl.PCX
130	HPS002pl.PCX	HPL002pl.PCX
131	HPS003pl.PCX	HPL003pl.PCX
132	HPS004pl.PCX	HPL004pl.PCX
133	HPS005pl.PCX	HPL005pl.PCX
134	HPS006pl.PCX	HPL006pl.PCX
135	HPS007pl.PCX	HPL007pl.PCX
136	HPS000el.PCX	HPL000el.PCX
137	HPS001el.PCX	HPL001el.PCX
138	HPS002el.PCX	HPL002el.PCX
139	HPS003el.PCX	HPL003el.PCX
140	HPS004el.PCX	HPL004el.PCX
141	HPS005el.PCX	HPL005el.PCX
142	HPS006el.PCX	HPL006el.PCX
143	HPS007el.PCX	HPL007el.PCX
144	HPS130Kn.PCX	HPL130Kn.PCX
145	HPS000Sh.PCX	HPL000Sh.PCX
146	HPS128Qc.PCX	HPL128Qc.PCX
147	HPS003Sh.PCX	HPL003Sh.PCX
148	HPS004Sh.PCX	HPL004Sh.PCX
149	HPS005Sh.PCX	HPL005Sh.PCX
150	HPS006Sh.PCX	HPL006Sh.PCX
151	HPS007Sh.PCX	HPL007Sh.PCX
152	HPS009Sh.PCX	HPL009Sh.PCX
153	HPS008Sh.PCX	HPL008Sh.PCX
154	HPS001Sh.PCX	HPL001Sh.PCX
155	HPS131Dm.PCX	HPL131Dm.PCX
156	HPS129Mk.PCX	HPL129Mk.PCX
157	HPS002Sh.PCX	HPL002Sh.PCX
158	HPS132Wl.PCX	HPL132Wl.PCX
159	HPS133Nc.PCX	HPL133Nc.PCX
160	HPS134Nc.PCX	HPL134Nc.PCX
161	HPS135Wi.PCX	HPL135Wi.PCX
162	HPS136Wi.PCX	HPL136Wi.PCX
163	HPLP01s.pcx	HPLP01.pcx
164	HPLP02s.pcx	HPLP02.pcx
165	HPLP03s.pcx	HPLP03.pcx
166	HPLP05s.pcx	HPLP05.pcx
167	HPLP06s.pcx	HPLP06.pcx
168	HPLP13s.pcx	HPLP13.pcx
169	HPLP15s.pcx	HPLP15.pcx
170	HPLP16s.pcx	HPLP16.pcx
171	HPLP04s.pcx	HPLP04.pcx
172	HPLP07s.pcx	HPLP07.pcx
173	HPLP08s.pcx	HPLP08.pcx
174	HPLP09s.pcx	HPLP09.pcx
175	HPLP10s.pcx	HPLP10.pcx
176	HPLP11s.pcx	HPLP11.pcx
177	HPLP12s.pcx	HPLP12.pcx
178	HPLP14s.pcx	HPLP14.pcx
179	HCVC01s.pcx	HCVC01.pcx
180	HCVC02s.pcx	HCVC02.pcx
181	HPLP17s.pcx	HPLP17.pcx
182	HPS003KX.pcx	HPL003KX.pcx
183	HPS122WX.pcx	HPL122WX.pcx
184	HPS071DX.pcx	HPL071DX.pcx
185	HPS116BX.pcx	HPL116BX.pcx
186	HPS020RX.pcx	HPL020RX.pcx
187	HPS179.pcx	HPL179.pcx
188	HPS180.pcx	HPL180.pcx
189	HPS181.pcx	HPL181.pcx
190	HPS182.pcx	HPL182.pcx
191	HPS183.pcx	HPL183.pcx
192	HPS184.pcx	HPL184.pcx
193	HPS185.pcx	HPL185.pcx
194	HPS186.pcx	HPL186.pcx
195	HPS187.pcx	HPL187.pcx
196	HPS188.pcx	HPL188.pcx
197	HPS189.pcx	HPL189.pcx
198	HPS190.pcx	HPL190.pcx
199	HPS191.pcx	HPL191.pcx
200	HPS192.pcx	HPL192.pcx
201	HPS193.pcx	HPL193.pcx
202	HPS194.pcx	HPL194.pcx
203	HPS195.pcx	HPL195.pcx
204	HPS196.pcx	HPL196.pcx
205	HPS197.pcx	HPL197.pcx
206	HPS198.pcx	HPL198.pcx
207	HPS199.pcx	HPL199.pcx
208	HPS200.pcx	HPL200.pcx
209	HPS201.pcx	HPL201.pcx
210	HPS202.pcx	HPL202.pcx
211	HPS203.pcx	HPL203.pcx
212	HPS204.pcx	HPL204.pcx
213	HPS205.pcx	HPL205.pcx
214	HPS206.pcx	HPL206.pcx
215	HPS207.pcx	HPL207.pcx
216	HPS208.pcx	HPL208.pcx
217	HPS209.pcx	HPL209.pcx
218	HPS210.pcx	HPL210.pcx
219	HPS211.pcx	HPL211.pcx
220	HPS212.pcx	HPL212.pcx
221	HPS213.pcx	HPL213.pcx
222	HPS214.pcx	HPL214.pcx
223	HPS215.pcx	HPL215.pcx
224	HPS216.pcx	HPL216.pcx
225	HPS217.pcx	HPL217.pcx
226	HPS218.pcx	HPL218.pcx
227	HPS219.pcx	HPL219.pcx
228	HPS220.pcx	HPL220.pcx
229	HPS221.pcx	HPL221.pcx
230	HPS222.pcx	HPL222.pcx
231	HPS223.pcx	HPL223.pcx
232	HPS224.pcx	HPL224.pcx
233	HPS225.pcx	HPL225.pcx
234	HPS226.pcx	HPL226.pcx
235	HPS227.pcx	HPL227.pcx
236	HPS228.pcx	HPL228.pcx
237	HPS229.pcx	HPL229.pcx
238	HPS230.pcx	HPL230.pcx
239	HPS231.pcx	HPL231.pcx
240	HPS232.pcx	HPL232.pcx
241	HPS233.pcx	HPL233.pcx
242	HPS234.pcx	HPL234.pcx
243	HPS235.pcx	HPL235.pcx
244	HPS236.pcx	HPL236.pcx
